{"mean": [30.125, 66.57083333333334, 13.99375, 1.4729166666666667, 1009.05625], "std": [2.467497044915488, 11.88780815116432, 5.960456716631145, 1.7112665367271795, 1.6742418993383226], "weather_mapping": {"sunny": 0, "cloudy": 1, "overcast": 2, "rain": 3}, "uv_mapping": {"very weak": 0, "weak": 1, "moderate": 2, "strong": 3, "very strong": 4}}